,Time,LinearV,AngularV
0,0.0,0.0,0.0
1,18334780000000,0.04,0.0
2,18334820000000,0.04,0.0
3,18334858000000,0.04,0.0
4,18334892000000,0.04,0.0
5,18334929000000,0.04,0.0
6,18334967000000,0.04,0.0
7,18335002000000,0.04,0.0
8,18335040000000,0.04,0.0
9,18335074000000,0.04,0.0
10,18335117000000,0.04,0.0
11,18335153000000,0.04,0.0
12,18335190000000,0.04,0.0
13,18335228000000,0.04,0.0
14,18335263000000,0.04,0.0
15,18335298000000,0.04,0.0
16,18335335000000,0.04,0.0
17,18335370000000,0.04,0.0
18,18335408000000,0.04,0.0
19,18335450000000,0.04,0.0
20,18335488000000,0.04,0.0
21,18335525000000,0.04,0.0
22,18335559000000,0.04,0.0
23,18335596000000,0.04,0.0
24,18335635000000,0.04,0.0
25,18335677000000,0.04,0.0
26,18335718000000,0.04,0.0
27,18335752000000,0.04,0.0
28,18335790000000,0.04,0.0
29,18335832000000,0.04,0.0
30,18335872000000,0.04,0.0
31,18335912000000,0.04,0.0
32,18335955000000,0.04,0.0
33,18335999000000,0.04,0.0
34,18336044000000,0.04,0.0
35,18336086000000,0.04,0.0
36,18336126000000,0.04,0.0
37,18336165000000,0.04,0.0
38,18336199000000,0.04,0.0
39,18336241000000,0.04,0.0
40,18336282000000,0.04,0.0
41,18336320000000,0.04,0.0
42,18336366000000,0.04,0.0
43,18336406000000,0.04,0.0
44,18336443000000,0.04,0.0
45,18336481000000,0.04,0.0
46,18336516000000,0.04,0.0
47,18336561000000,0.04,0.0
48,18336599000000,0.04,0.0
49,18336637000000,0.04,0.0
50,18336673000000,0.04,0.0
51,18336711000000,0.045,0.0
52,18336749000000,0.045,0.0
53,18336788000000,0.045,0.0
54,18336823000000,0.05,0.0
55,18336858000000,0.05,0.0
56,18336893000000,0.05,0.0
57,18336930000000,0.05,0.0
58,18336970000000,0.05,0.0
59,18337011000000,0.05,0.0
60,18337049000000,0.05,0.0
61,18337088000000,0.05,0.0
62,18337127000000,0.05,0.0
63,18337165000000,0.05,0.0
64,18337199000000,0.055,0.0
65,18337233000000,0.06,0.0
66,18337274000000,0.065,0.0
67,18337311000000,0.07,0.0
68,18337352000000,0.075,0.0
69,18337389000000,0.075,0.0
70,18337431000000,0.08,0.0
71,18337469000000,0.08,0.0
72,18337506000000,0.08,0.0
73,18337547000000,0.085,0.0
74,18337581000000,0.085,0.0
75,18337623000000,0.09,0.0
76,18337662000000,0.09,0.0
77,18337698000000,0.09,0.0
78,18337736000000,0.095,0.0
79,18337775000000,0.095,0.0
80,18337815000000,0.095,0.0
81,18337849000000,0.1,0.0
82,18337883000000,0.1,0.0
83,18337921000000,0.1,0.0
84,18337961000000,0.1,0.0
85,18337995000000,0.1,0.0
86,18338031000000,0.1,0.0
87,18338069000000,0.1,0.0
88,18338111000000,0.1,0.0
89,18338149000000,0.1,0.0
90,18338189000000,0.1,0.0
91,18338230000000,0.1,0.0
92,18338270000000,0.1,0.0
93,18338307000000,0.1,0.0
94,18338350000000,0.1,0.0
95,18338389000000,0.1,0.0
96,18338428000000,0.1,0.0
97,18338465000000,0.1,0.0
98,18338513000000,0.1,0.0
99,18338551000000,0.1,0.0
100,18338589000000,0.1,0.0
101,18338630000000,0.105,0.0
102,18338672000000,0.105,0.0
103,18338706000000,0.11,0.0
104,18338746000000,0.11,0.0
105,18338783000000,0.11,0.0
106,18338822000000,0.11,0.0
107,18338865000000,0.11,0.0
108,18338908000000,0.11,0.0
109,18338946000000,0.11,0.0
110,18338982000000,0.11,0.0
111,18339019000000,0.11,0.0
112,18339053000000,0.11,0.0
113,18339089000000,0.11,0.0
114,18339128000000,0.115,0.0
115,18339172000000,0.125,0.0
116,18339210000000,0.13,0.0
117,18339248000000,0.135,0.0
118,18339283000000,0.14,0.0
119,18339322000000,0.145,0.0
120,18339363000000,0.15,0.0
121,18339402000000,0.16,0.0
122,18339446000000,0.165,0.0
123,18339480000000,0.17,0.0
124,18339519000000,0.18,0.0
125,18339556000000,0.185,0.0
126,18339596000000,0.19,0.0
127,18339633000000,0.195,0.0
128,18339669000000,0.2,0.0
129,18339714000000,0.205,0.0
130,18339752000000,0.21,0.0
131,18339797000000,0.22,0.0
132,18339835000000,0.22,0.0
133,18339874000000,0.22,0.0
134,18339916000000,0.22,0.0
135,18339954000000,0.22,0.0
136,18339994000000,0.22,0.0
137,18340039000000,0.22,0.0
138,18340080000000,0.22,0.0
139,18340116000000,0.22,0.0
140,18340157000000,0.22,0.0
141,18340199000000,0.22,0.0
142,18340237000000,0.22,0.0
143,18340281000000,0.22,0.0
144,18340315000000,0.22,0.0
145,18340353000000,0.22,0.0
146,18340394000000,0.22,0.0
147,18340429000000,0.22,0.0
148,18340468000000,0.22,0.0
149,18340510000000,0.22,0.0
150,18340549000000,0.22,0.0
151,18340589000000,0.22,0.0
152,18340630000000,0.22,0.0
153,18340665000000,0.22,0.0
154,18340700000000,0.22,0.0
155,18340740000000,0.22,0.0
156,18340779000000,0.22,0.0
157,18340813000000,0.22,0.0
158,18340856000000,0.22,0.0
159,18340897000000,0.22,0.0
160,18340931000000,0.22,0.0
161,18340974000000,0.22,0.0
162,18341017000000,0.22,0.0
163,18341059000000,0.22,0.0
164,18341098000000,0.22,0.0
165,18341135000000,0.22,0.0
166,18341171000000,0.22,0.0
167,18341209000000,0.22,0.0
168,18341245000000,0.22,0.0
169,18341282000000,0.22,0.0
170,18341316000000,0.22,0.0
171,18341356000000,0.22,0.0
172,18341399000000,0.22,-0.05
173,18341440000000,0.22,-0.05
174,18341474000000,0.22,-0.05
175,18341509000000,0.22,-0.1
176,18341548000000,0.22,-0.1
177,18341588000000,0.22,-0.1
178,18341628000000,0.22,-0.1
179,18341664000000,0.22,-0.1
180,18341700000000,0.22,-0.1
181,18341737000000,0.22,-0.1
182,18341775000000,0.22,-0.1
183,18341819000000,0.22,-0.1
184,18341862000000,0.22,-0.1
185,18341901000000,0.22,-0.1
186,18341939000000,0.22,-0.1
187,18341976000000,0.22,-0.1
188,18342012000000,0.22,-0.1
189,18342054000000,0.22,-0.1
190,18342088000000,0.22,-0.1
191,18342125000000,0.22,-0.1
192,18342163000000,0.22,-0.1
193,18342200000000,0.22,-0.1
194,18342238000000,0.22,-0.1
195,18342274000000,0.22,-0.1
196,18342313000000,0.22,-0.1
197,18342348000000,0.22,-0.1
198,18342393000000,0.22,-0.1
199,18342430000000,0.22,-0.1
200,18342467000000,0.22,-0.1
201,18342507000000,0.22,-0.1
202,18342546000000,0.22,-0.1
203,18342588000000,0.22,-0.1
204,18342622000000,0.22,-0.1
205,18342659000000,0.22,-0.1
206,18342694000000,0.22,-0.1
207,18342729000000,0.22,-0.1
208,18342766000000,0.22,-0.1
209,18342804000000,0.22,-0.1
210,18342846000000,0.22,-0.1
211,18342890000000,0.22,-0.1
212,18342929000000,0.22,-0.1
213,18342970000000,0.22,-0.1
214,18343008000000,0.22,-0.1
215,18343052000000,0.22,-0.1
216,18343092000000,0.22,-0.1
217,18343137000000,0.22,-0.1
218,18343173000000,0.22,-0.1
219,18343217000000,0.22,-0.1
220,18343258000000,0.22,-0.1
221,18343299000000,0.22,-0.1
222,18343342000000,0.22,-0.1
223,18343387000000,0.22,-0.1
224,18343426000000,0.22,-0.1
225,18343470000000,0.22,-0.1
226,18343516000000,0.22,-0.1
227,18343554000000,0.22,-0.1
228,18343593000000,0.22,-0.1
229,18343629000000,0.22,-0.1
230,18343663000000,0.22,-0.1
231,18343702000000,0.22,-0.1
232,18343748000000,0.22,-0.1
233,18343791000000,0.22,-0.1
234,18343835000000,0.22,-0.1
235,18343871000000,0.22,-0.1
236,18343905000000,0.22,-0.1
237,18343944000000,0.22,-0.1
238,18343987000000,0.22,-0.1
239,18344025000000,0.22,-0.1
240,18344064000000,0.22,-0.1
241,18344103000000,0.22,-0.1
242,18344137000000,0.22,-0.1
243,18344179000000,0.22,-0.1
244,18344214000000,0.22,-0.1
245,18344261000000,0.22,-0.1
246,18344307000000,0.22,-0.1
247,18344351000000,0.22,-0.1
248,18344385000000,0.215,-0.1
249,18344420000000,0.215,-0.1
250,18344458000000,0.21,-0.1
251,18344501000000,0.21,-0.1
252,18344542000000,0.21,-0.1
253,18344576000000,0.21,-0.1
254,18344611000000,0.21,-0.1
255,18344654000000,0.21,-0.1
256,18344692000000,0.21,-0.1
257,18344735000000,0.21,-0.1
258,18344779000000,0.21,-0.1
259,18344824000000,0.21,-0.1
260,18344859000000,0.205,-0.1
261,18344896000000,0.2,-0.1
262,18344931000000,0.195,-0.1
263,18344974000000,0.185,-0.1
264,18345016000000,0.18,-0.1
265,18345059000000,0.175,-0.1
266,18345101000000,0.175,-0.1
267,18345142000000,0.175,-0.1
268,18345183000000,0.17,-0.1
269,18345225000000,0.17,-0.1
270,18345268000000,0.165,-0.1
271,18345307000000,0.165,-0.1
272,18345352000000,0.16,-0.1
273,18345391000000,0.16,-0.1
274,18345432000000,0.16,-0.1
275,18345466000000,0.155,-0.1
276,18345503000000,0.155,-0.1
277,18345541000000,0.155,-0.1
278,18345577000000,0.145,-0.1
279,18345625000000,0.145,-0.1
280,18345661000000,0.145,-0.1
281,18345701000000,0.14,-0.1
282,18345736000000,0.14,-0.1
283,18345770000000,0.14,-0.1
284,18345810000000,0.135,-0.1
285,18345844000000,0.135,-0.1
286,18345878000000,0.135,-0.1
287,18345919000000,0.125,-0.1
288,18345953000000,0.125,-0.1
289,18345987000000,0.125,-0.1
290,18346024000000,0.12,-0.1
291,18346062000000,0.12,-0.1
292,18346108000000,0.12,-0.1
293,18346145000000,0.12,-0.1
294,18346181000000,0.12,-0.1
295,18346229000000,0.12,-0.1
296,18346269000000,0.12,-0.1
297,18346312000000,0.12,-0.1
298,18346351000000,0.12,-0.1
299,18346389000000,0.12,-0.1
300,18346432000000,0.12,-0.1
301,18346473000000,0.12,-0.1
302,18346507000000,0.12,-0.1
303,18346542000000,0.12,-0.1
304,18346576000000,0.115,-0.1
305,18346617000000,0.115,-0.1
306,18346657000000,0.115,-0.1
307,18346691000000,0.11,-0.1
308,18346735000000,0.11,-0.1
309,18346773000000,0.11,-0.1
310,18346815000000,0.11,-0.1
311,18346850000000,0.11,-0.1
312,18346888000000,0.105,-0.1
313,18346926000000,0.105,-0.1
314,18346965000000,0.105,-0.1
315,18347006000000,0.1,-0.1
316,18347042000000,0.1,-0.1
317,18347076000000,0.1,-0.1
318,18347111000000,0.1,-0.1
319,18347146000000,0.1,-0.1
320,18347185000000,0.1,-0.1
321,18347221000000,0.1,-0.1
322,18347257000000,0.1,-0.1
323,18347298000000,0.1,-0.1
324,18347334000000,0.1,-0.1
325,18347379000000,0.1,-0.1
326,18347417000000,0.1,-0.1
327,18347456000000,0.1,-0.1
328,18347493000000,0.1,-0.1
329,18347534000000,0.1,-0.1
330,18347568000000,0.1,-0.1
331,18347602000000,0.1,-0.1
332,18347644000000,0.1,-0.1
333,18347684000000,0.1,-0.1
334,18347725000000,0.1,-0.1
335,18347768000000,0.1,-0.1
336,18347812000000,0.1,-0.1
337,18347849000000,0.1,-0.1
338,18347884000000,0.1,-0.1
339,18347920000000,0.1,-0.1
340,18347957000000,0.1,-0.1
341,18347998000000,0.095,-0.1
342,18348037000000,0.095,-0.1
343,18348071000000,0.095,-0.1
344,18348106000000,0.09,-0.1
345,18348148000000,0.09,-0.1
346,18348188000000,0.09,-0.1
347,18348233000000,0.09,-0.1
348,18348274000000,0.09,-0.1
349,18348316000000,0.09,-0.1
350,18348351000000,0.09,-0.1
351,18348387000000,0.09,-0.1
352,18348427000000,0.09,-0.1
353,18348465000000,0.09,-0.1
354,18348501000000,0.09,-0.1
355,18348538000000,0.09,-0.1
356,18348575000000,0.09,-0.1
357,18348614000000,0.09,-0.1
358,18348648000000,0.09,-0.1
359,18348690000000,0.09,-0.1
360,18348726000000,0.09,-0.1
361,18348770000000,0.09,-0.1
362,18348807000000,0.09,-0.1
363,18348857000000,0.09,-0.1
364,18348897000000,0.09,-0.1
365,18348936000000,0.09,-0.1
366,18348975000000,0.09,-0.1
367,18349011000000,0.09,-0.1
368,18349059000000,0.09,-0.1
369,18349096000000,0.09,-0.1
370,18349136000000,0.09,-0.1
371,18349172000000,0.09,-0.1
372,18349211000000,0.09,-0.1
373,18349250000000,0.09,-0.1
374,18349291000000,0.09,-0.1
375,18349336000000,0.09,-0.1
376,18349381000000,0.09,-0.1
377,18349417000000,0.09,-0.1
378,18349454000000,0.09,-0.1
379,18349499000000,0.09,-0.1
380,18349533000000,0.09,-0.1
381,18349569000000,0.09,-0.1
382,18349606000000,0.09,-0.1
383,18349652000000,0.09,-0.1
384,18349694000000,0.09,-0.1
385,18349736000000,0.09,-0.1
386,18349774000000,0.09,-0.1
387,18349811000000,0.09,-0.1
388,18349849000000,0.09,-0.1
389,18349888000000,0.09,-0.1
390,18349924000000,0.09,-0.1
391,18349963000000,0.09,-0.1
392,18350006000000,0.09,-0.1
393,18350047000000,0.09,-0.1
394,18350086000000,0.09,-0.1
395,18350132000000,0.09,-0.1
396,18350170000000,0.09,-0.1
397,18350207000000,0.09,-0.1
398,18350246000000,0.09,-0.1
399,18350292000000,0.09,-0.1
400,18350333000000,0.09,-0.1
401,18350373000000,0.085,-0.1
402,18350415000000,0.085,-0.1
403,18350459000000,0.08,-0.1
404,18350497000000,0.08,-0.1
405,18350535000000,0.08,-0.1
406,18350576000000,0.08,-0.1
407,18350618000000,0.08,-0.1
408,18350656000000,0.08,-0.1
409,18350699000000,0.08,-0.1
410,18350735000000,0.08,-0.1
411,18350770000000,0.08,-0.1
412,18350811000000,0.08,-0.1
413,18350854000000,0.08,-0.1
414,18350895000000,0.08,-0.1
415,18350930000000,0.08,-0.1
416,18350970000000,0.08,-0.1
417,18351007000000,0.08,-0.1
418,18351041000000,0.08,-0.1
419,18351083000000,0.08,-0.1
420,18351122000000,0.08,-0.1
421,18351163000000,0.08,-0.1
422,18351202000000,0.08,-0.1
423,18351236000000,0.08,-0.1
424,18351279000000,0.08,-0.1
425,18351322000000,0.08,-0.1
426,18351367000000,0.08,-0.1
427,18351406000000,0.08,-0.1
428,18351449000000,0.08,-0.1
429,18351487000000,0.08,-0.1
430,18351522000000,0.08,-0.1
431,18351564000000,0.08,-0.1
432,18351605000000,0.08,-0.1
433,18351649000000,0.08,-0.1
434,18351690000000,0.08,-0.1
435,18351724000000,0.08,-0.1
436,18351766000000,0.08,-0.15
437,18351809000000,0.08,-0.15
438,18351849000000,0.08,-0.2
439,18351887000000,0.08,-0.2
440,18351926000000,0.08,-0.2
441,18351963000000,0.08,-0.2
442,18352011000000,0.08,-0.2
443,18352055000000,0.08,-0.2
444,18352096000000,0.08,-0.2
445,18352142000000,0.08,-0.2
446,18352180000000,0.08,-0.2
447,18352223000000,0.08,-0.2
448,18352261000000,0.08,-0.2
449,18352304000000,0.08,-0.2
450,18352342000000,0.08,-0.2
451,18352385000000,0.08,-0.2
452,18352426000000,0.08,-0.2
453,18352464000000,0.08,-0.2
454,18352508000000,0.08,-0.2
455,18352547000000,0.08,-0.2
456,18352592000000,0.08,-0.2
457,18352636000000,0.08,-0.2
458,18352675000000,0.08,-0.2
459,18352724000000,0.08,-0.2
460,18352763000000,0.08,-0.2
461,18352803000000,0.08,-0.2
462,18352841000000,0.08,-0.2
463,18352890000000,0.08,-0.2
464,18352930000000,0.08,-0.2
465,18352972000000,0.08,-0.2
466,18353019000000,0.08,-0.2
467,18353056000000,0.08,-0.2
468,18353096000000,0.08,-0.2
469,18353141000000,0.08,-0.2
470,18353182000000,0.08,-0.2
471,18353221000000,0.08,-0.2
472,18353263000000,0.08,-0.2
473,18353304000000,0.08,-0.2
474,18353340000000,0.08,-0.2
475,18353380000000,0.08,-0.2
476,18353419000000,0.08,-0.2
477,18353458000000,0.08,-0.2
478,18353496000000,0.08,-0.2
479,18353541000000,0.08,-0.2
480,18353579000000,0.08,-0.2
481,18353613000000,0.08,-0.2
482,18353657000000,0.08,-0.2
483,18353694000000,0.08,-0.2
484,18353737000000,0.08,-0.2
485,18353776000000,0.08,-0.2
486,18353818000000,0.08,-0.2
487,18353864000000,0.08,-0.2
488,18353904000000,0.08,-0.2
489,18353938000000,0.08,-0.2
490,18353984000000,0.08,-0.2
491,18354020000000,0.08,-0.2
492,18354054000000,0.08,-0.2
493,18354100000000,0.08,-0.2
494,18354138000000,0.08,-0.2
495,18354182000000,0.08,-0.15
496,18354219000000,0.08,-0.15
497,18354257000000,0.08,-0.15
498,18354294000000,0.08,-0.1
499,18354330000000,0.08,-0.1
500,18354371000000,0.08,-0.05
501,18354415000000,0.08,-0.05
502,18354449000000,0.08,-0.05
503,18354488000000,0.08,-0.0
504,18354530000000,0.08,-0.0
505,18354572000000,0.08,0.0
506,18354609000000,0.08,0.0
507,18354654000000,0.08,0.0
508,18354691000000,0.08,0.0
509,18354725000000,0.08,0.0
510,18354760000000,0.08,0.0
511,18354804000000,0.08,0.0
512,18354846000000,0.08,0.0
513,18354880000000,0.08,0.0
514,18354920000000,0.08,0.0
515,18354960000000,0.08,0.0
516,18355002000000,0.08,0.0
517,18355046000000,0.085,0.0
518,18355089000000,0.085,0.0
519,18355132000000,0.09,0.0
520,18355169000000,0.09,0.0
521,18355204000000,0.09,0.0
522,18355240000000,0.09,0.0
523,18355280000000,0.09,0.0
524,18355318000000,0.09,0.0
525,18355352000000,0.09,0.0
526,18355397000000,0.09,0.0
527,18355437000000,0.09,0.0
528,18355479000000,0.09,0.0
529,18355516000000,0.09,0.0
530,18355550000000,0.095,0.0
531,18355588000000,0.1,0.0
532,18355635000000,0.11,0.0
533,18355677000000,0.115,0.0
534,18355711000000,0.12,0.0
535,18355753000000,0.125,0.0
536,18355794000000,0.125,0.0
537,18355830000000,0.13,0.0
538,18355874000000,0.13,0.0
539,18355913000000,0.13,0.0
540,18355954000000,0.135,0.0
541,18355996000000,0.135,0.0
542,18356033000000,0.14,0.0
543,18356078000000,0.14,0.0
544,18356120000000,0.14,0.0
545,18356156000000,0.145,0.0
546,18356191000000,0.145,0.0
547,18356237000000,0.15,0.0
548,18356273000000,0.15,0.0
549,18356316000000,0.15,0.0
550,18356350000000,0.155,0.0
551,18356387000000,0.155,0.0
552,18356423000000,0.16,0.0
553,18356464000000,0.16,0.0
554,18356505000000,0.16,0.0
555,18356546000000,0.16,0.0
556,18356591000000,0.16,0.0
557,18356634000000,0.16,0.0
558,18356669000000,0.16,0.0
559,18356713000000,0.16,0.0
560,18356754000000,0.16,0.0
561,18356799000000,0.16,0.0
562,18356836000000,0.16,0.0
563,18356873000000,0.16,0.0
564,18356908000000,0.16,0.0
565,18356942000000,0.16,0.0
566,18356983000000,0.16,0.0
567,18357026000000,0.16,0.0
568,18357060000000,0.16,0.0
569,18357099000000,0.16,0.0
570,18357136000000,0.16,0.0
571,18357170000000,0.16,0.0
572,18357210000000,0.16,0.0
573,18357245000000,0.16,0.0
574,18357286000000,0.16,0.0
575,18357320000000,0.16,0.0
576,18357361000000,0.16,0.0
577,18357399000000,0.16,0.0
578,18357433000000,0.16,0.0
579,18357475000000,0.16,0.0
580,18357511000000,0.16,0.0
581,18357547000000,0.16,0.0
582,18357583000000,0.16,0.0
583,18357617000000,0.16,0.0
584,18357651000000,0.16,0.0
585,18357689000000,0.16,0.0
586,18357732000000,0.16,0.0
587,18357768000000,0.16,0.0
588,18357809000000,0.16,0.0
589,18357847000000,0.16,0.0
590,18357888000000,0.16,0.0
591,18357930000000,0.16,0.0
592,18357976000000,0.16,0.0
593,18358014000000,0.16,0.0
594,18358058000000,0.16,0.0
595,18358096000000,0.16,0.0
596,18358140000000,0.16,0.0
597,18358176000000,0.16,0.0
598,18358214000000,0.16,0.0
599,18358260000000,0.165,0.0
600,18358295000000,0.165,0.0
601,18358339000000,0.17,0.0
602,18358378000000,0.17,0.0
603,18358420000000,0.17,0.0
604,18358460000000,0.17,0.0
605,18358494000000,0.17,0.0
606,18358535000000,0.17,0.0
607,18358569000000,0.17,0.0
608,18358603000000,0.17,0.0
609,18358640000000,0.17,0.0
610,18358676000000,0.17,0.0
611,18358716000000,0.175,0.0
612,18358763000000,0.18,0.0
613,18358802000000,0.185,0.0
614,18358838000000,0.19,0.0
615,18358882000000,0.19,0.0
616,18358920000000,0.195,0.0
617,18358954000000,0.195,0.0
618,18358988000000,0.195,0.0
619,18359025000000,0.2,0.0
620,18359068000000,0.2,0.0
621,18359104000000,0.2,0.0
622,18359150000000,0.205,0.0
623,18359187000000,0.205,0.0
624,18359223000000,0.21,0.0
625,18359262000000,0.21,0.0
626,18359297000000,0.21,0.0
627,18359339000000,0.21,0.0
628,18359378000000,0.21,0.0
629,18359418000000,0.21,0.0
630,18359460000000,0.21,0.0
631,18359508000000,0.21,0.0
632,18359546000000,0.21,0.0
633,18359589000000,0.21,0.0
634,18359626000000,0.21,0.0
635,18359666000000,0.21,0.0
636,18359711000000,0.21,0.0
637,18359745000000,0.21,0.0
638,18359784000000,0.21,0.0
639,18359824000000,0.21,0.0
640,18359861000000,0.21,0.05
641,18359899000000,0.21,0.05
642,18359936000000,0.21,0.05
643,18359970000000,0.21,0.1
644,18360010000000,0.21,0.1
645,18360046000000,0.21,0.1
646,18360091000000,0.21,0.1
647,18360133000000,0.21,0.1
648,18360178000000,0.21,0.1
649,18360216000000,0.21,0.1
650,18360257000000,0.21,0.1
651,18360292000000,0.21,0.1
652,18360326000000,0.21,0.1
653,18360368000000,0.21,0.1
654,18360402000000,0.21,0.1
655,18360449000000,0.21,0.1
656,18360489000000,0.21,0.1
657,18360525000000,0.21,0.1
658,18360565000000,0.21,0.1
659,18360611000000,0.21,0.1
660,18360652000000,0.21,0.1
661,18360690000000,0.21,0.1
662,18360727000000,0.21,0.1
663,18360761000000,0.21,0.1
664,18360806000000,0.21,0.1
665,18360846000000,0.21,0.1
666,18360888000000,0.21,0.1
667,18360924000000,0.21,0.1
668,18360961000000,0.21,0.1
669,18360997000000,0.21,0.1
670,18361044000000,0.21,0.1
671,18361083000000,0.21,0.1
672,18361126000000,0.21,0.1
673,18361164000000,0.21,0.1
674,18361209000000,0.21,0.1
675,18361244000000,0.21,0.1
676,18361286000000,0.21,0.1
677,18361327000000,0.21,0.1
678,18361370000000,0.21,0.1
679,18361411000000,0.21,0.1
680,18361448000000,0.205,0.1
681,18361490000000,0.205,0.1
682,18361529000000,0.2,0.1
683,18361571000000,0.2,0.1
684,18361606000000,0.2,0.1
685,18361655000000,0.2,0.1
686,18361694000000,0.2,0.1
687,18361729000000,0.2,0.1
688,18361770000000,0.2,0.1
689,18361811000000,0.2,0.1
690,18361849000000,0.2,0.1
691,18361899000000,0.2,0.1
692,18361937000000,0.2,0.1
693,18361971000000,0.2,0.1
694,18362009000000,0.2,0.1
695,18362053000000,0.2,0.1
696,18362091000000,0.2,0.1
697,18362132000000,0.2,0.1
698,18362169000000,0.2,0.1
699,18362205000000,0.2,0.1
700,18362246000000,0.195,0.1
701,18362280000000,0.195,0.1
702,18362319000000,0.195,0.1
703,18362364000000,0.19,0.1
704,18362403000000,0.19,0.1
705,18362444000000,0.19,0.1
706,18362486000000,0.19,0.1
707,18362529000000,0.19,0.1
708,18362563000000,0.19,0.1
709,18362601000000,0.19,0.1
710,18362639000000,0.19,0.1
711,18362673000000,0.19,0.1
712,18362712000000,0.185,0.1
713,18362764000000,0.18,0.1
714,18362804000000,0.175,0.1
715,18362844000000,0.175,0.1
716,18362886000000,0.17,0.1
717,18362928000000,0.17,0.1
718,18362969000000,0.17,0.1
719,18363010000000,0.165,0.1
720,18363044000000,0.165,0.1
721,18363084000000,0.16,0.1
722,18363123000000,0.16,0.1
723,18363164000000,0.16,0.1
724,18363209000000,0.16,0.1
725,18363247000000,0.16,0.1
726,18363294000000,0.16,0.1
727,18363332000000,0.16,0.1
728,18363366000000,0.16,0.1
729,18363412000000,0.16,0.1
730,18363456000000,0.16,0.1
731,18363496000000,0.16,0.1
732,18363541000000,0.16,0.1
733,18363580000000,0.155,0.1
734,18363620000000,0.155,0.1
735,18363664000000,0.155,0.1
736,18363705000000,0.15,0.1
737,18363752000000,0.15,0.1
738,18363793000000,0.15,0.1
739,18363833000000,0.15,0.1
740,18363874000000,0.15,0.1
741,18363917000000,0.15,0.1
742,18363956000000,0.15,0.1
743,18363996000000,0.15,0.1
744,18364045000000,0.15,0.1
745,18364081000000,0.145,0.1
746,18364120000000,0.14,0.1
747,18364157000000,0.135,0.1
748,18364199000000,0.13,0.1
749,18364240000000,0.12,0.1
750,18364281000000,0.115,0.1
751,18364324000000,0.11,0.1
752,18364367000000,0.1,0.1
753,18364411000000,0.095,0.1
754,18364457000000,0.085,0.1
755,18364493000000,0.08,0.1
756,18364537000000,0.075,0.1
757,18364580000000,0.065,0.1
758,18364618000000,0.06,0.1
759,18364660000000,0.055,0.1
760,18364702000000,0.05,0.1
761,18364747000000,0.05,0.1
762,18364789000000,0.045,0.1
763,18364826000000,0.045,0.1
764,18364862000000,0.045,0.1
765,18364898000000,0.04,0.1
766,18364932000000,0.04,0.1
767,18364973000000,0.035,0.1
768,18365015000000,0.035,0.1
769,18365058000000,0.035,0.1
770,18365098000000,0.03,0.1
771,18365144000000,0.03,0.1
772,18365190000000,0.025,0.1
773,18365226000000,0.025,0.1
774,18365273000000,0.02,0.1
775,18365315000000,0.02,0.1
776,18365362000000,0.02,0.1
777,18365405000000,0.015,0.1
778,18365444000000,0.015,0.1
779,18365489000000,0.01,0.1
780,18365532000000,0.005,0.1
781,18365570000000,0.005,0.1
782,18365610000000,0.005,0.1
783,18365646000000,-0.0,0.1
784,18365685000000,-0.0,0.1
785,18365722000000,-0.0,0.1
786,18365765000000,-0.005,0.1
787,18365809000000,-0.005,0.1
788,18365853000000,-0.01,0.1
789,18365896000000,-0.01,0.1
790,18365937000000,-0.015,0.1
791,18365971000000,-0.015,0.1
792,18366009000000,-0.015,0.1
793,18366055000000,-0.025,0.1
794,18366097000000,-0.025,0.1
795,18366131000000,-0.025,0.1
796,18366171000000,-0.03,0.1
797,18366211000000,-0.03,0.1
798,18366248000000,-0.03,0.1
799,18366285000000,-0.025,0.1
800,18366327000000,-0.025,0.1
801,18366364000000,-0.02,0.1
802,18366408000000,-0.02,0.1
803,18366451000000,-0.015,0.1
804,18366498000000,-0.015,0.1
805,18366532000000,-0.015,0.1
806,18366574000000,-0.01,0.1
807,18366619000000,-0.01,0.1
808,18366659000000,-0.01,0.1
809,18366695000000,-0.01,0.1
810,18366729000000,-0.01,0.1
811,18366773000000,-0.01,0.1
812,18366814000000,-0.01,0.1
813,18366860000000,-0.005,0.1
814,18366902000000,-0.005,0.1
815,18366942000000,-0.005,0.1
816,18366981000000,-0.0,0.1
817,18367015000000,-0.0,0.1
818,18367062000000,-0.0,0.1
819,18367103000000,-0.0,0.1
820,18367141000000,-0.0,0.1
821,18367185000000,-0.0,0.1
822,18367224000000,-0.0,0.1
823,18367261000000,-0.0,0.1
824,18367301000000,0.005,0.1
825,18367342000000,0.005,0.1
826,18367379000000,0.005,0.1
827,18367414000000,0.01,0.1
828,18367448000000,0.01,0.1
829,18367486000000,0.01,0.1
830,18367522000000,0.01,0.1
831,18367566000000,0.01,0.1
832,18367601000000,0.01,0.1
833,18367640000000,0.01,0.1
834,18367680000000,0.01,0.1
835,18367718000000,0.01,0.1
836,18367758000000,0.01,0.1
837,18367801000000,0.01,0.1
838,18367838000000,0.01,0.1
839,18367882000000,0.01,0.1
840,18367919000000,0.01,0.1
841,18367962000000,0.01,0.1
842,18367997000000,0.01,0.1
843,18368033000000,0.01,0.1
844,18368073000000,0.01,0.1
845,18368107000000,0.01,0.1
846,18368150000000,0.01,0.1
847,18368184000000,0.01,0.1
848,18368225000000,0.01,0.1
849,18368263000000,0.01,0.1
850,18368298000000,0.01,0.1
851,18368333000000,0.01,0.1
852,18368374000000,0.01,0.1
853,18368408000000,0.01,0.1
854,18368444000000,0.01,0.1
855,18368490000000,0.01,0.1
856,18368531000000,0.01,0.1
857,18368569000000,0.01,0.1
858,18368609000000,0.01,0.1
859,18368651000000,0.01,0.1
860,18368688000000,0.01,0.1
861,18368722000000,0.01,0.1
862,18368757000000,0.01,0.1
863,18368802000000,0.01,0.1
864,18368838000000,0.01,0.1
865,18368873000000,0.01,0.1
866,18368914000000,0.01,0.1
867,18368958000000,0.015,0.1
868,18369002000000,0.015,0.1
869,18369044000000,0.015,0.1
870,18369084000000,0.02,0.1
871,18369127000000,0.02,0.1
872,18369168000000,0.02,0.1
873,18369211000000,0.02,0.1
874,18369246000000,0.02,0.1
875,18369281000000,0.02,0.1
876,18369326000000,0.02,0.1
877,18369361000000,0.02,0.1
878,18369404000000,0.02,0.1
879,18369445000000,0.02,0.1
880,18369485000000,0.02,0.1
881,18369519000000,0.02,0.1
882,18369554000000,0.02,0.1
883,18369595000000,0.02,0.1
884,18369635000000,0.02,0.1
885,18369678000000,0.02,0.1
886,18369716000000,0.02,0.1
887,18369758000000,0.02,0.1
888,18369792000000,0.025,0.1
889,18369834000000,0.025,0.1
890,18369874000000,0.03,0.1
891,18369909000000,0.03,0.1
892,18369943000000,0.03,0.1
893,18369987000000,0.03,0.1
894,18370032000000,0.03,0.1
895,18370066000000,0.03,0.1
896,18370104000000,0.03,0.1
897,18370145000000,0.03,0.1
898,18370180000000,0.03,0.1
899,18370226000000,0.03,0.1
900,18370261000000,0.03,0.1
901,18370299000000,0.03,0.1
902,18370339000000,0.03,0.1
903,18370380000000,0.03,0.1
904,18370426000000,0.03,0.1
905,18370470000000,0.03,0.1
906,18370513000000,0.03,0.1
907,18370550000000,0.03,0.1
908,18370584000000,0.03,0.1
909,18370626000000,0.03,0.1
910,18370666000000,0.03,0.1
911,18370704000000,0.03,0.1
912,18370745000000,0.03,0.1
913,18370781000000,0.03,0.1
914,18370821000000,0.03,0.1
915,18370855000000,0.03,0.1
916,18370889000000,0.03,0.1
917,18370931000000,0.03,0.1
918,18370979000000,0.03,0.1
919,18371016000000,0.03,0.1
920,18371053000000,0.03,0.1
921,18371091000000,0.03,0.1
922,18371128000000,0.03,0.1
923,18371165000000,0.03,0.1
924,18371208000000,0.03,0.1
925,18371254000000,0.03,0.1
926,18371288000000,0.03,0.1
927,18371338000000,0.03,0.1
928,18371375000000,0.03,0.1
929,18371423000000,0.03,0.1
930,18371460000000,0.03,0.1
931,18371496000000,0.03,0.1
932,18371547000000,0.03,0.1
933,18371589000000,0.03,0.1
934,18371630000000,0.03,0.1
935,18371666000000,0.03,0.1
936,18371701000000,0.03,0.1
937,18371738000000,0.03,0.1
938,18371782000000,0.03,0.1
939,18371826000000,0.03,0.1
940,18371866000000,0.03,0.1
941,18371904000000,0.03,0.1
942,18371947000000,0.03,0.1
943,18371982000000,0.03,0.1
944,18372026000000,0.03,0.1
945,18372061000000,0.03,0.1
946,18372108000000,0.03,0.1
947,18372143000000,0.03,0.1
948,18372177000000,0.03,0.1
949,18372221000000,0.03,0.1
950,18372262000000,0.03,0.1
951,18372303000000,0.03,0.1
952,18372338000000,0.03,0.1
953,18372375000000,0.03,0.1
954,18372424000000,0.03,0.1
955,18372463000000,0.03,0.1
956,18372497000000,0.03,0.1
957,18372537000000,0.03,0.1
958,18372578000000,0.03,0.1
959,18372620000000,0.03,0.15
960,18372656000000,0.03,0.15
961,18372697000000,0.03,0.15
962,18372733000000,0.03,0.2
963,18372774000000,0.03,0.2
964,18372811000000,0.03,0.2
965,18372846000000,0.03,0.2
966,18372887000000,0.03,0.2
967,18372927000000,0.03,0.2
968,18372964000000,0.03,0.2
969,18373005000000,0.03,0.2
970,18373048000000,0.03,0.2
971,18373082000000,0.03,0.2
972,18373120000000,0.03,0.2
973,18373156000000,0.03,0.2
974,18373191000000,0.03,0.2
975,18373232000000,0.03,0.2
976,18373271000000,0.03,0.2
977,18373311000000,0.03,0.2
978,18373354000000,0.03,0.2
979,18373396000000,0.03,0.2
980,18373436000000,0.03,0.2
981,18373475000000,0.03,0.2
982,18373518000000,0.03,0.2
983,18373558000000,0.03,0.2
984,18373593000000,0.03,0.15
985,18373632000000,0.03,0.15
986,18373669000000,0.03,0.15
987,18373712000000,0.03,0.1
988,18373747000000,0.03,0.1
989,18373789000000,0.03,0.1
990,18373827000000,0.03,0.05
991,18373863000000,0.03,0.05
992,18373903000000,0.03,0.0
993,18373943000000,0.03,0.0
994,18373982000000,0.03,0.0
995,18374016000000,0.03,0.0
996,18374053000000,0.03,0.0
997,18374088000000,0.03,0.0
998,18374122000000,0.03,0.0
999,18374156000000,0.03,0.0
1000,18374199000000,0.03,0.0
1001,18374237000000,0.03,0.0
1002,18374278000000,0.03,0.0
1003,18374321000000,0.03,0.0
1004,18374356000000,0.03,0.0
1005,18374391000000,0.03,0.0
1006,18374434000000,0.03,0.0
1007,18374475000000,0.03,0.0
1008,18374511000000,0.03,0.0
1009,18374555000000,0.03,0.0
1010,18374593000000,0.03,0.0
1011,18374636000000,0.03,0.0
1012,18374676000000,0.03,0.0
1013,18374717000000,0.03,0.0
1014,18374753000000,0.03,0.0
1015,18374793000000,0.03,0.0
1016,18374834000000,0.03,0.0
1017,18374868000000,0.03,0.0
1018,18374913000000,0.03,0.0
1019,18374947000000,0.03,0.0
1020,18374984000000,0.03,0.0
1021,18375019000000,0.03,0.0
1022,18375060000000,0.03,0.0
1023,18375102000000,0.03,0.0
1024,18375141000000,0.03,0.0
1025,18375176000000,0.03,0.0
1026,18375219000000,0.03,0.0
1027,18375259000000,0.03,0.0
1028,18375296000000,0.03,0.0
1029,18375337000000,0.03,0.0
1030,18375376000000,0.03,0.0
1031,18375423000000,0.03,0.0
1032,18375463000000,0.03,0.0
1033,18375497000000,0.03,0.0
1034,18375541000000,0.03,0.0
1035,18375576000000,0.03,0.0
1036,18375614000000,0.03,0.0
1037,18375653000000,0.03,0.0
1038,18375689000000,0.03,0.0
1039,18375730000000,0.03,0.0
1040,18375764000000,0.03,0.0
1041,18375798000000,0.03,0.0
1042,18375835000000,0.03,0.0
1043,18375872000000,0.03,0.0
1044,18375917000000,0.03,0.0
1045,18375953000000,0.03,0.0
1046,18375989000000,0.03,0.0
1047,18376033000000,0.03,0.0
1048,18376072000000,0.03,0.0
1049,18376109000000,0.035,0.0
1050,18376152000000,0.035,0.0
1051,18376190000000,0.035,0.0
1052,18376228000000,0.04,0.0
1053,18376265000000,0.04,0.0
1054,18376307000000,0.04,0.0
1055,18376344000000,0.04,0.0
1056,18376385000000,0.04,0.0
1057,18376424000000,0.04,0.0
1058,18376467000000,0.04,0.0
1059,18376511000000,0.04,0.0
1060,18376549000000,0.04,0.0
1061,18376588000000,0.04,0.0
1062,18376625000000,0.04,0.0
1063,18376659000000,0.04,0.0
1064,18376698000000,0.04,0.0
1065,18376735000000,0.04,0.0
1066,18376769000000,0.04,0.0
1067,18376804000000,0.04,0.0
1068,18376847000000,0.04,0.0
1069,18376881000000,0.04,0.0
1070,18376921000000,0.04,0.0
1071,18376964000000,0.04,0.0
1072,18377002000000,0.04,0.0
1073,18377043000000,0.04,0.0
1074,18377078000000,0.04,0.0
1075,18377118000000,0.04,0.0
1076,18377157000000,0.04,0.0
1077,18377202000000,0.04,0.0
1078,18377243000000,0.04,0.0
1079,18377280000000,0.04,0.0
1080,18377320000000,0.04,0.0
1081,18377361000000,0.04,0.0
1082,18377402000000,0.04,0.0
1083,18377443000000,0.04,0.0
1084,18377478000000,0.04,0.0
1085,18377516000000,0.04,0.0
1086,18377554000000,0.04,0.0
1087,18377591000000,0.04,0.0
1088,18377634000000,0.04,0.0
1089,18377675000000,0.04,0.0
1090,18377710000000,0.04,0.0
1091,18377745000000,0.04,0.0
1092,18377787000000,0.04,0.0
1093,18377826000000,0.04,0.0
1094,18377870000000,0.04,0.0
1095,18377907000000,0.04,0.0
1096,18377947000000,0.04,0.0
1097,18377985000000,0.04,0.0
1098,18378028000000,0.04,0.0
1099,18378065000000,0.04,0.0
1100,18378107000000,0.04,0.0
1101,18378144000000,0.04,0.0
1102,18378179000000,0.04,0.0
1103,18378215000000,0.04,0.0
1104,18378256000000,0.04,0.0
1105,18378293000000,0.04,0.0
1106,18378330000000,0.04,0.0
1107,18378365000000,0.04,0.0
1108,18378406000000,0.04,0.0
1109,18378447000000,0.04,0.0
1110,18378486000000,0.04,0.0
1111,18378526000000,0.04,0.0
1112,18378567000000,0.04,0.0
1113,18378608000000,0.04,0.0
1114,18378648000000,0.04,0.0
1115,18378689000000,0.04,0.0
1116,18378724000000,0.04,0.0
1117,18378769000000,0.04,0.0
1118,18378807000000,0.045,0.0
1119,18378848000000,0.045,0.0
1120,18378882000000,0.05,0.0
1121,18378922000000,0.05,0.0
1122,18378960000000,0.05,0.0
1123,18379002000000,0.05,0.0
1124,18379043000000,0.05,0.0
1125,18379078000000,0.05,0.0
1126,18379117000000,0.05,0.0
1127,18379151000000,0.05,0.0
1128,18379187000000,0.05,0.0
1129,18379226000000,0.05,0.0
1130,18379269000000,0.05,0.0
1131,18379307000000,0.05,0.0
1132,18379351000000,0.05,0.0
1133,18379394000000,0.05,0.0
1134,18379436000000,0.05,0.0
1135,18379475000000,0.05,0.0
1136,18379512000000,0.05,0.0
1137,18379551000000,0.05,0.0
1138,18379593000000,0.05,0.0
1139,18379633000000,0.05,0.0
1140,18379677000000,0.05,0.0
1141,18379712000000,0.05,0.0
1142,18379747000000,0.05,0.0
1143,18379781000000,0.05,0.0
1144,18379821000000,0.05,0.0
1145,18379857000000,0.05,0.0
1146,18379898000000,0.05,0.0
1147,18379937000000,0.05,0.0
1148,18379972000000,0.05,0.0
1149,18380006000000,0.05,0.0
1150,18380043000000,0.05,0.0
1151,18380086000000,0.05,0.0
1152,18380122000000,0.05,0.0
1153,18380166000000,0.05,0.0
1154,18380205000000,0.05,0.0
1155,18380242000000,0.05,0.0
1156,18380283000000,0.05,0.0
1157,18380327000000,0.05,0.0
1158,18380365000000,0.05,0.0
1159,18380403000000,0.05,0.0
1160,18380443000000,0.05,0.0
1161,18380485000000,0.05,0.0
1162,18380525000000,0.05,0.0
1163,18380564000000,0.055,0.0
1164,18380600000000,0.055,0.0
1165,18380641000000,0.06,0.0
1166,18380683000000,0.06,0.0
1167,18380722000000,0.06,0.0
1168,18380757000000,0.06,0.0
1169,18380798000000,0.06,0.0
1170,18380835000000,0.06,0.0
1171,18380870000000,0.06,0.0
1172,18380911000000,0.06,0.0
1173,18380946000000,0.06,0.0
1174,18380984000000,0.06,0.0
1175,18381022000000,0.06,0.0
1176,18381061000000,0.065,0.0
1177,18381102000000,0.07,0.0
1178,18381145000000,0.075,0.0
1179,18381181000000,0.08,0.0
1180,18381223000000,0.09,0.0
1181,18381263000000,0.095,0.0
1182,18381299000000,0.1,0.0
1183,18381337000000,0.105,0.0
1184,18381376000000,0.115,0.0
1185,18381410000000,0.12,0.0
1186,18381444000000,0.125,0.0
1187,18381489000000,0.135,0.0
1188,18381529000000,0.14,0.0
1189,18381569000000,0.145,0.0
1190,18381612000000,0.155,0.0
1191,18381652000000,0.16,0.0
1192,18381697000000,0.17,0.0
1193,18381738000000,0.175,0.0
1194,18381775000000,0.18,0.0
1195,18381818000000,0.185,0.0
1196,18381858000000,0.19,0.0
1197,18381898000000,0.195,0.0
1198,18381933000000,0.2,0.0
1199,18381971000000,0.21,0.0
1200,18382013000000,0.215,0.0
1201,18382055000000,0.22,0.0
1202,18382096000000,0.22,0.0
1203,18382144000000,0.22,0.0
1204,18382184000000,0.22,0.0
1205,18382224000000,0.22,0.0
1206,18382267000000,0.22,0.0
1207,18382308000000,0.22,0.0
1208,18382342000000,0.22,0.0
1209,18382380000000,0.22,0.0
1210,18382418000000,0.22,0.0
1211,18382459000000,0.22,0.0
1212,18382497000000,0.22,0.0
1213,18382535000000,0.22,0.0
1214,18382569000000,0.22,0.0
1215,18382607000000,0.22,0.0
1216,18382645000000,0.22,0.0
1217,18382687000000,0.22,0.0
1218,18382722000000,0.22,0.0
1219,18382766000000,0.22,0.0
1220,18382811000000,0.22,0.0
1221,18382853000000,0.22,0.0
1222,18382895000000,0.22,0.0
1223,18382936000000,0.22,0.0
1224,18382974000000,0.22,0.0
1225,18383016000000,0.22,0.0
1226,18383056000000,0.22,0.0
1227,18383098000000,0.22,0.0
1228,18383134000000,0.22,0.0
1229,18383168000000,0.22,0.0
1230,18383202000000,0.22,0.0
1231,18383242000000,0.22,0.0
1232,18383282000000,0.22,0.0
1233,18383322000000,0.22,0.0
1234,18383359000000,0.22,0.0
1235,18383393000000,0.22,0.0
1236,18383427000000,0.22,0.0
1237,18383466000000,0.22,0.0
1238,18383500000000,0.22,0.0
1239,18383534000000,0.22,0.0
1240,18383572000000,0.22,0.0
1241,18383611000000,0.22,0.0
1242,18383660000000,0.22,0.0
1243,18383694000000,0.22,0.0
1244,18383729000000,0.22,0.0
1245,18383769000000,0.22,0.0
1246,18383809000000,0.22,0.0
1247,18383850000000,0.22,0.0
1248,18383884000000,0.22,0.0
1249,18383921000000,0.22,0.0
1250,18383965000000,0.22,0.0
1251,18384007000000,0.22,0.0
1252,18384047000000,0.22,0.0
1253,18384085000000,0.22,0.0
1254,18384128000000,0.22,0.0
1255,18384165000000,0.22,0.0
1256,18384201000000,0.22,0.0
1257,18384242000000,0.22,0.0
1258,18384283000000,0.22,0.0
1259,18384319000000,0.22,0.0
1260,18384359000000,0.22,0.0
1261,18384396000000,0.22,0.0
1262,18384432000000,0.22,0.0
1263,18384468000000,0.22,0.0
1264,18384506000000,0.22,0.0
1265,18384545000000,0.22,0.0
1266,18384582000000,0.22,0.0
1267,18384626000000,0.22,0.0
1268,18384660000000,0.22,0.0
1269,18384695000000,0.22,0.0
1270,18384730000000,0.22,0.0
1271,18384771000000,0.22,0.0
1272,18384806000000,0.22,0.0
1273,18384845000000,0.22,0.0
1274,18384889000000,0.22,0.0
1275,18384931000000,0.22,0.0
1276,18384968000000,0.22,0.0
1277,18385008000000,0.22,0.0
1278,18385042000000,0.22,0.0
1279,18385085000000,0.22,0.0
1280,18385129000000,0.22,0.0
1281,18385168000000,0.22,0.0
1282,18385207000000,0.22,0.0
1283,18385251000000,0.22,0.0
1284,18385286000000,0.22,0.0
1285,18385324000000,0.22,0.0
1286,18385366000000,0.22,0.0
1287,18385406000000,0.22,0.0
1288,18385446000000,0.22,0.0
1289,18385480000000,0.22,0.0
1290,18385514000000,0.22,0.0
1291,18385552000000,0.22,0.0
1292,18385587000000,0.22,0.0
1293,18385626000000,0.22,0.0
1294,18385663000000,0.22,0.0
1295,18385700000000,0.22,0.0
1296,18385738000000,0.22,0.0
1297,18385774000000,0.22,0.0
1298,18385808000000,0.22,0.0
1299,18385847000000,0.22,0.0
1300,18385887000000,0.22,0.0
1301,18385921000000,0.22,0.0
1302,18385955000000,0.22,0.0
1303,18386001000000,0.22,0.0
1304,18386035000000,0.22,0.0
1305,18386074000000,0.22,0.0
1306,18386112000000,0.22,0.0
1307,18386148000000,0.22,0.0
1308,18386182000000,0.22,0.0
1309,18386218000000,0.22,0.0
1310,18386256000000,0.22,0.0
1311,18386300000000,0.22,0.0
1312,18387569000000,0.22,-0.1
1313,18387607000000,0.22,-0.1
1314,18387647000000,0.22,-0.1
1315,18387689000000,0.22,-0.1
1316,18387726000000,0.22,-0.1
1317,18387767000000,0.22,-0.1
1318,18387802000000,0.22,-0.1
1319,18387842000000,0.22,-0.1
1320,18387884000000,0.22,-0.1
1321,18387921000000,0.22,-0.1
1322,18387959000000,0.22,-0.1
1323,18387995000000,0.22,-0.1
1324,18388036000000,0.22,-0.1
1325,18388070000000,0.22,-0.1
1326,18388105000000,0.22,-0.1
1327,18388149000000,0.22,-0.1
1328,18388185000000,0.22,-0.1
1329,18388221000000,0.22,-0.1
1330,18388256000000,0.22,-0.1
1331,18388295000000,0.22,-0.1
1332,18388329000000,0.22,-0.1
1333,18388370000000,0.22,-0.1
1334,18388404000000,0.22,-0.1
1335,18388446000000,0.22,-0.1
1336,18388485000000,0.22,-0.1
1337,18388526000000,0.22,-0.1
1338,18388565000000,0.22,-0.1
1339,18388600000000,0.22,-0.1
1340,18388643000000,0.22,-0.1
1341,18389711000000,0.22,-0.1
1342,18389748000000,0.22,-0.1
1343,18389787000000,0.22,-0.1
1344,18389824000000,0.22,-0.1
1345,18389860000000,0.22,-0.1
1346,18389901000000,0.22,-0.1
1347,18389937000000,0.22,-0.1
1348,18389983000000,0.215,-0.1
1349,18390027000000,0.215,-0.1
1350,18390070000000,0.21,-0.1
1351,18390117000000,0.21,-0.1
1352,18390156000000,0.21,-0.1
1353,18390191000000,0.21,-0.1
1354,18390228000000,0.21,-0.1
1355,18390263000000,0.21,-0.1
1356,18390298000000,0.21,-0.1
1357,18390340000000,0.21,-0.1
1358,18390375000000,0.21,-0.1
1359,18390413000000,0.21,-0.1
1360,18390452000000,0.205,-0.1
1361,18390489000000,0.2,-0.1
1362,18390532000000,0.195,-0.1
1363,18390567000000,0.19,-0.1
1364,18390604000000,0.185,-0.1
1365,18390640000000,0.175,-0.1
1366,18390682000000,0.17,-0.1
1367,18390718000000,0.165,-0.1
1368,18390762000000,0.155,-0.1
1369,18390796000000,0.15,-0.1
1370,18390830000000,0.145,-0.1
1371,18390868000000,0.14,-0.1
1372,18390911000000,0.135,-0.1
1373,18390952000000,0.125,-0.1
1374,18390992000000,0.12,-0.1
1375,18391027000000,0.115,-0.1
1376,18391064000000,0.105,-0.1
1377,18392390000000,0.035,-0.1
1378,18392425000000,0.035,-0.1
1379,18392461000000,0.03,-0.1
1380,18392502000000,0.03,-0.1
1381,18392538000000,0.025,-0.1
1382,18392572000000,0.025,-0.1
1383,18392606000000,0.02,-0.1
1384,18392640000000,0.02,-0.1
1385,18392678000000,0.015,-0.1
1386,18392719000000,0.015,-0.1
1387,18392754000000,0.015,-0.1
1388,18392795000000,0.01,-0.1
1389,18392836000000,0.01,-0.1
1390,18392871000000,0.005,-0.1
1391,18392908000000,0.005,-0.1
1392,18392950000000,0.005,-0.1
1393,18392984000000,-0.0,-0.1
1394,18393019000000,-0.0,-0.1
1395,18393056000000,-0.0,-0.1
1396,18393097000000,-0.0,-0.1
1397,18393138000000,-0.0,-0.1
1398,18393182000000,-0.0,-0.1
1399,18393220000000,-0.0,-0.1
1400,18393258000000,-0.0,-0.1
1401,18393296000000,-0.0,-0.1
1402,18393330000000,-0.0,-0.1
1403,18393367000000,-0.0,-0.1
1404,18393405000000,-0.0,-0.1
1405,18394696000000,-0.0,-0.1
1406,18394734000000,-0.0,-0.1
1407,18394776000000,-0.0,-0.1
1408,18394817000000,-0.0,-0.1
1409,18394853000000,-0.0,-0.1
1410,18394892000000,-0.0,-0.1
1411,18394940000000,-0.0,-0.1
1412,18394980000000,-0.0,-0.1
1413,18395015000000,-0.0,-0.1
1414,18395051000000,-0.0,-0.1
1415,18395099000000,-0.0,-0.1
1416,18395138000000,-0.0,-0.1
1417,18395176000000,-0.0,-0.1
1418,18395219000000,-0.0,-0.1
1419,18395255000000,-0.0,-0.1
1420,18395292000000,-0.0,-0.1
1421,18395335000000,-0.0,-0.1
1422,18395377000000,-0.0,-0.1
1423,18395420000000,-0.0,-0.1
1424,18395458000000,-0.0,-0.1
1425,18395494000000,-0.0,-0.1
1426,18395528000000,-0.0,-0.1
1427,18395574000000,-0.0,-0.1
1428,18395610000000,-0.0,-0.1
1429,18395653000000,-0.0,-0.1
1430,18395692000000,-0.0,-0.1
1431,18396990000000,-0.0,-0.1
1432,18397028000000,-0.0,-0.1
1433,18397071000000,-0.0,-0.1
1434,18397113000000,-0.0,-0.1
1435,18397149000000,-0.0,-0.1
1436,18397187000000,-0.0,-0.1
1437,18397232000000,-0.0,-0.1
1438,18397275000000,-0.0,-0.15
1439,18397309000000,-0.0,-0.15
1440,18397348000000,-0.0,-0.15
1441,18397390000000,-0.0,-0.2
1442,18397429000000,-0.0,-0.2
1443,18397474000000,-0.0,-0.2
1444,18397515000000,-0.0,-0.2
1445,18397558000000,-0.0,-0.2
1446,18397592000000,-0.0,-0.2
1447,18397632000000,-0.0,-0.2
1448,18397667000000,-0.0,-0.2
1449,18397710000000,-0.0,-0.2
1450,18397747000000,-0.0,-0.2
1451,18397789000000,-0.0,-0.2
1452,18397824000000,-0.0,-0.2
1453,18397858000000,-0.0,-0.2
1454,18397902000000,-0.0,-0.2
1455,18397946000000,-0.0,-0.2
1456,18397989000000,-0.0,-0.2
1457,18399326000000,-0.0,0.0
1458,18399373000000,-0.0,0.0
1459,18399408000000,-0.0,0.0
1460,18399443000000,0.005,0.0
1461,18399477000000,0.005,0.0
1462,18399520000000,0.01,0.0
1463,18399554000000,0.01,0.0
1464,18399591000000,0.01,0.0
1465,18399633000000,0.01,0.0
1466,18399668000000,0.01,0.0
1467,18399711000000,0.01,0.0
1468,18399745000000,0.01,0.0
1469,18399781000000,0.01,0.0
1470,18399820000000,0.01,0.0
1471,18399859000000,0.01,0.0
1472,18399894000000,0.02,0.0
1473,18399929000000,0.025,0.0
1474,18399964000000,0.03,0.0
1475,18400003000000,0.04,0.0
1476,18400039000000,0.045,0.0
1477,18400081000000,0.05,0.0
1478,18400120000000,0.06,0.0
1479,18400168000000,0.065,0.0
1480,18400205000000,0.065,0.0
1481,18400250000000,0.07,0.0
1482,18400286000000,0.07,0.0
1483,18400324000000,0.07,0.0
1484,18400360000000,0.075,0.0
1485,18401597000000,0.12,0.0
1486,18401639000000,0.12,0.0
1487,18401678000000,0.12,0.0
1488,18401714000000,0.12,0.0
1489,18401756000000,0.12,0.0
1490,18401790000000,0.12,0.0
1491,18401835000000,0.12,0.0
1492,18401880000000,0.12,0.0
1493,18401916000000,0.12,0.0
1494,18401961000000,0.12,0.0
1495,18402001000000,0.12,0.0
1496,18402039000000,0.12,0.0
1497,18402075000000,0.12,0.0
1498,18402111000000,0.12,0.0
1499,18402151000000,0.12,0.0
1500,18402186000000,0.12,0.0
1501,18402227000000,0.12,0.0
1502,18402270000000,0.12,0.0
1503,18402314000000,0.12,0.0
1504,18402358000000,0.12,0.0
1505,18402394000000,0.12,0.0
1506,18402432000000,0.12,0.0
1507,18402474000000,0.12,0.0
1508,18402516000000,0.12,0.0
1509,18402559000000,0.12,0.0
1510,18403973000000,0.12,0.0
1511,18404013000000,0.12,0.0
1512,18404059000000,0.12,0.0
1513,18404095000000,0.12,0.0
1514,18404129000000,0.12,0.0
1515,18404170000000,0.12,0.0
1516,18404207000000,0.12,0.0
1517,18404250000000,0.12,0.0
1518,18404295000000,0.12,0.0
1519,18404332000000,0.12,0.0
1520,18404367000000,0.12,0.0
1521,18404410000000,0.12,0.0
1522,18404446000000,0.12,0.0
1523,18404485000000,0.12,0.0
1524,18404523000000,0.12,0.0
1525,18404566000000,0.12,0.0
1526,18404604000000,0.12,0.0
1527,18404638000000,0.12,0.0
1528,18404675000000,0.12,0.0
1529,18404721000000,0.12,0.0
1530,18404758000000,0.12,0.0
1531,18404795000000,0.12,0.0
1532,18404838000000,0.12,0.0
1533,18404877000000,0.12,0.0
1534,18406474000000,0.13,0.0
1535,18406512000000,0.13,0.0
1536,18406546000000,0.13,0.0
1537,18406587000000,0.13,0.0
1538,18406630000000,0.14,0.0
1539,18406665000000,0.14,0.0
1540,18406702000000,0.15,0.0
1541,18406737000000,0.155,0.0
1542,18406772000000,0.16,0.0
1543,18406811000000,0.17,0.0
1544,18406853000000,0.175,0.0
1545,18406896000000,0.18,0.0
1546,18406934000000,0.19,0.0
1547,18406968000000,0.195,0.0
1548,18407003000000,0.205,0.0
1549,18407046000000,0.21,0.0
1550,18407080000000,0.215,0.0
1551,18407117000000,0.22,0.0
1552,18407151000000,0.22,0.0
1553,18407195000000,0.22,0.0
1554,18407234000000,0.22,0.0
1555,18407273000000,0.22,0.0
1556,18407320000000,0.22,0.0
1557,18407354000000,0.22,0.0
1558,18408872000000,0.22,0.0
1559,18408915000000,0.22,0.0
1560,18408952000000,0.22,0.0
1561,18408991000000,0.22,0.0
1562,18409033000000,0.22,0.0
1563,18409068000000,0.22,0.0
1564,18409111000000,0.22,0.0
1565,18409155000000,0.22,0.0
1566,18409198000000,0.22,0.0
1567,18409233000000,0.22,0.0
1568,18409277000000,0.22,0.0
1569,18409313000000,0.22,0.0
1570,18409347000000,0.22,0.0
1571,18409388000000,0.22,0.0
1572,18409431000000,0.22,0.05
1573,18409475000000,0.22,0.05
1574,18409520000000,0.22,0.1
1575,18409564000000,0.22,0.1
1576,18409601000000,0.22,0.1
1577,18409646000000,0.22,0.1
1578,18409680000000,0.22,0.1
1579,18409718000000,0.22,0.1
1580,18409757000000,0.22,0.1
1581,18411307000000,0.12,0.1
1582,18411353000000,0.12,0.1
1583,18411390000000,0.12,0.1
1584,18411430000000,0.115,0.1
1585,18411473000000,0.115,0.1
1586,18411508000000,0.11,0.1
1587,18411552000000,0.11,0.1
1588,18411591000000,0.105,0.1
1589,18411632000000,0.105,0.1
1590,18411669000000,0.1,0.1
1591,18411707000000,0.1,0.1
1592,18411743000000,0.095,0.1
1593,18411786000000,0.095,0.1
1594,18411823000000,0.09,0.1
1595,18411862000000,0.09,0.1
1596,18411902000000,0.085,0.1
1597,18411942000000,0.085,0.1
1598,18411985000000,0.08,0.1
1599,18412024000000,0.08,0.1
1600,18412060000000,0.08,0.1
1601,18412104000000,0.075,0.1
1602,18413879000000,0.03,0.1
1603,18413919000000,0.03,0.1
1604,18413953000000,0.03,0.1
1605,18413993000000,0.03,0.1
1606,18414035000000,0.03,0.1
1607,18414071000000,0.03,0.1
1608,18414110000000,0.03,0.1
1609,18414156000000,0.03,0.1
1610,18414191000000,0.03,0.1
1611,18414232000000,0.03,0.1
1612,18414268000000,0.03,0.1
1613,18414303000000,0.03,0.1
1614,18414344000000,0.03,0.1
1615,18414379000000,0.03,0.1
1616,18414421000000,0.03,0.1
1617,18414459000000,0.03,0.1
1618,18414495000000,0.03,0.1
1619,18414532000000,0.03,0.1
1620,18414567000000,0.035,0.1
1621,18414604000000,0.04,0.1
1622,18414641000000,0.04,0.1
1623,18416525000000,0.055,0.1
1624,18416566000000,0.055,0.1
1625,18416611000000,0.06,0.1
1626,18416646000000,0.06,0.1
1627,18416680000000,0.06,0.1
1628,18416717000000,0.06,0.1
1629,18416761000000,0.06,0.1
1630,18416799000000,0.06,0.1
1631,18416838000000,0.06,0.1
1632,18416872000000,0.06,0.1
1633,18416914000000,0.06,0.1
1634,18416951000000,0.06,0.1
1635,18416988000000,0.06,0.1
1636,18417024000000,0.06,0.1
1637,18417059000000,0.06,0.1
1638,18417094000000,0.06,0.1
1639,18417134000000,0.06,0.1
1640,18417179000000,0.06,0.1
1641,18417224000000,0.06,0.1
1642,18417267000000,0.06,0.1
1643,18417308000000,0.06,0.1
1644,18419183000000,0.06,0.1
1645,18419224000000,0.06,0.1
1646,18419267000000,0.06,0.15
1647,18419307000000,0.06,0.15
1648,18419342000000,0.06,0.15
1649,18419381000000,0.06,0.2
1650,18419415000000,0.06,0.2
1651,18419456000000,0.06,0.2
1652,18419498000000,0.06,0.2
1653,18419533000000,0.06,0.2
1654,18419567000000,0.06,0.2
1655,18419612000000,0.06,0.2
1656,18419646000000,0.06,0.2
1657,18419680000000,0.06,0.2
1658,18419721000000,0.06,0.2
1659,18419763000000,0.06,0.2
1660,18419797000000,0.06,0.2
1661,18419841000000,0.06,0.2
1662,18419876000000,0.06,0.2
1663,18419910000000,0.06,0.2
1664,18419950000000,0.06,0.2
1665,18421940000000,0.095,0.0
1666,18421976000000,0.095,0.0
1667,18422012000000,0.095,0.0
1668,18422049000000,0.1,0.0
1669,18422090000000,0.1,0.0
1670,18422130000000,0.1,0.0
1671,18422165000000,0.1,0.0
1672,18422204000000,0.1,0.0
1673,18422239000000,0.1,0.0
1674,18422282000000,0.1,0.0
1675,18422321000000,0.1,0.0
1676,18422355000000,0.1,0.0
1677,18422389000000,0.1,0.0
1678,18422433000000,0.1,0.0
1679,18422472000000,0.1,0.0
1680,18422511000000,0.1,0.0
1681,18424350000000,0.06,0.0
1682,18424390000000,0.06,0.0
1683,18424429000000,0.06,0.0
1684,18424464000000,0.06,0.0
1685,18424503000000,0.06,0.0
1686,18424537000000,0.06,0.0
1687,18424572000000,0.06,0.0
1688,18424609000000,0.06,0.0
1689,18424646000000,0.06,0.0
1690,18424684000000,0.06,0.0
1691,18424720000000,0.06,0.0
1692,18424756000000,0.06,0.0
1693,18424791000000,0.06,0.0
1694,18424827000000,0.06,0.0
1695,18424863000000,0.06,0.0
1696,18424898000000,0.06,0.0
1697,18424937000000,0.06,0.0
1698,18424974000000,0.06,0.0
1699,18425018000000,0.06,0.0
1700,18425056000000,0.06,0.0
1701,18425091000000,0.06,0.0
1702,18427148000000,0.06,0.0
1703,18427189000000,0.06,0.0
1704,18427229000000,0.06,0.0
1705,18427270000000,0.06,0.0
1706,18427306000000,0.06,0.0
1707,18427342000000,0.06,0.0
1708,18427382000000,0.065,0.0
1709,18427425000000,0.07,0.0
1710,18427461000000,0.07,0.0
1711,18427498000000,0.07,0.0
1712,18427535000000,0.07,0.0
1713,18427571000000,0.07,0.0
1714,18427606000000,0.07,0.0
1715,18427649000000,0.07,0.0
1716,18427684000000,0.075,0.0
1717,18427722000000,0.085,0.0
1718,18427760000000,0.095,0.0
1719,18430000000000,0.22,0.0
1720,18430040000000,0.22,0.0
1721,18430074000000,0.22,0.0
1722,18430114000000,0.22,0.0
1723,18430149000000,0.22,0.0
1724,18430191000000,0.22,0.0
1725,18430235000000,0.22,0.0
1726,18430269000000,0.22,0.0
1727,18430308000000,0.22,0.0
1728,18430345000000,0.22,0.0
1729,18430381000000,0.22,0.0
1730,18430423000000,0.22,0.0
1731,18430460000000,0.22,0.0
1732,18430494000000,0.22,0.0
1733,18430529000000,0.22,0.0
1734,18430565000000,0.22,0.0
1735,18432756000000,0.15,-0.1
1736,18432790000000,0.145,-0.1
1737,18432825000000,0.145,-0.1
1738,18432863000000,0.14,-0.1
1739,18432902000000,0.14,-0.1
1740,18432938000000,0.135,-0.1
1741,18432977000000,0.13,-0.1
1742,18433018000000,0.13,-0.1
1743,18433056000000,0.12,-0.1
1744,18433090000000,0.12,-0.1
1745,18433127000000,0.115,-0.1
1746,18433163000000,0.11,-0.1
1747,18433204000000,0.11,-0.1
1748,18433243000000,0.11,-0.1
1749,18433283000000,0.11,-0.1
1750,18433321000000,0.11,-0.1
1751,18433355000000,0.11,-0.1
1752,18433389000000,0.105,-0.1
1753,18435782000000,0.1,-0.1
1754,18435820000000,0.1,-0.1
1755,18435858000000,0.1,-0.1
1756,18435897000000,0.1,-0.1
1757,18435937000000,0.1,-0.1
1758,18435972000000,0.1,-0.1
1759,18436006000000,0.1,-0.1
1760,18436043000000,0.1,-0.1
1761,18436081000000,0.1,-0.1
1762,18436123000000,0.1,-0.1
1763,18436164000000,0.1,-0.1
1764,18436205000000,0.1,-0.1
1765,18436244000000,0.1,-0.1
1766,18436283000000,0.1,-0.1
1767,18436323000000,0.1,-0.1
1768,18436362000000,0.1,-0.1
1769,18436400000000,0.1,-0.1
1770,18438653000000,0.08,-0.1
1771,18438695000000,0.08,-0.1
1772,18438730000000,0.08,-0.1
1773,18438764000000,0.08,-0.1
1774,18438805000000,0.08,-0.1
1775,18438848000000,0.08,-0.1
1776,18438887000000,0.08,-0.1
1777,18438922000000,0.08,-0.1
1778,18438961000000,0.08,-0.1
1779,18439000000000,0.08,-0.1
1780,18439036000000,0.08,-0.1
1781,18439074000000,0.08,-0.1
1782,18439114000000,0.08,-0.1
1783,18441551000000,0.08,-0.1
1784,18441593000000,0.08,-0.1
1785,18441627000000,0.08,-0.1
1786,18441663000000,0.08,-0.1
1787,18441702000000,0.08,-0.1
1788,18441737000000,0.08,-0.1
1789,18441776000000,0.08,-0.1
1790,18441819000000,0.08,-0.1
1791,18441857000000,0.08,-0.1
1792,18441895000000,0.08,-0.1
1793,18441938000000,0.08,-0.1
1794,18441972000000,0.08,-0.1
1795,18442012000000,0.08,-0.1
1796,18442048000000,0.08,-0.1
1797,18444122000000,0.08,-0.2
1798,18444160000000,0.08,-0.2
1799,18444197000000,0.08,-0.2
1800,18444232000000,0.08,-0.2
1801,18444266000000,0.08,-0.2
1802,18444306000000,0.08,-0.2
1803,18444341000000,0.08,-0.2
1804,18444380000000,0.08,-0.2
1805,18444415000000,0.08,-0.2
1806,18444451000000,0.08,-0.2
1807,18444492000000,0.08,-0.2
1808,18444532000000,0.08,-0.15
1809,18446587000000,0.08,0.0
1810,18446626000000,0.08,0.0
1811,18446663000000,0.08,0.0
1812,18446707000000,0.08,0.0
1813,18446749000000,0.08,0.0
1814,18446789000000,0.08,0.0
1815,18446827000000,0.08,0.0
1816,18446862000000,0.08,0.0
1817,18446896000000,0.08,0.0
1818,18446937000000,0.08,0.0
1819,18446971000000,0.08,0.0
1820,18449074000000,0.08,0.0
1821,18449111000000,0.08,0.0
1822,18449153000000,0.08,0.0
1823,18449189000000,0.08,0.0
1824,18449224000000,0.08,0.0
1825,18449261000000,0.08,0.0
1826,18449298000000,0.08,0.0
1827,18449336000000,0.08,0.0
1828,18449373000000,0.08,0.0
1829,18449407000000,0.08,0.0
1830,18449450000000,0.08,0.0
1831,18449489000000,0.08,0.0
1832,18449523000000,0.08,0.0
1833,18451872000000,0.08,0.0
1834,18451913000000,0.08,0.0
1835,18451947000000,0.08,0.0
1836,18451990000000,0.08,0.0
1837,18452026000000,0.08,0.0
1838,18452062000000,0.08,0.0
1839,18452098000000,0.08,0.0
1840,18452137000000,0.08,0.0
1841,18452171000000,0.08,0.0
1842,18452216000000,0.08,0.0
1843,18452253000000,0.08,0.0
1844,18454413000000,0.08,0.0
1845,18454447000000,0.08,0.0
1846,18454482000000,0.08,0.0
1847,18454519000000,0.08,0.0
1848,18454555000000,0.08,0.0
1849,18454592000000,0.08,0.0
1850,18454631000000,0.08,0.0
1851,18454670000000,0.08,0.0
1852,18454713000000,0.08,0.0
1853,18454753000000,0.08,0.0
1854,18454789000000,0.08,0.0
1855,18456917000000,0.13,0.0
1856,18456957000000,0.13,0.0
1857,18456997000000,0.145,0.0
1858,18457041000000,0.155,0.0
1859,18457076000000,0.165,0.0
1860,18457110000000,0.17,0.0
1861,18457149000000,0.17,0.0
1862,18457188000000,0.175,0.0
1863,18457226000000,0.18,0.0
1864,18457263000000,0.18,0.0
1865,18457305000000,0.185,0.0
1866,18457339000000,0.185,0.0
1867,18459649000000,0.22,0.0
1868,18459687000000,0.22,0.0
1869,18459721000000,0.22,0.0
1870,18459760000000,0.22,0.0
1871,18459798000000,0.22,0.0
1872,18459842000000,0.22,0.0
1873,18459880000000,0.22,0.0
1874,18459920000000,0.22,0.0
1875,18459957000000,0.22,0.0
1876,18459999000000,0.22,0.0
1877,18460040000000,0.22,0.0
1878,18460083000000,0.22,0.0
1879,18462372000000,0.22,-0.1
1880,18462406000000,0.22,-0.1
1881,18462443000000,0.22,-0.1
1882,18462487000000,0.22,-0.1
1883,18462531000000,0.22,-0.1
1884,18462567000000,0.22,-0.1
1885,18462608000000,0.22,-0.1
1886,18462647000000,0.22,-0.1
1887,18462688000000,0.22,-0.1
1888,18462724000000,0.22,-0.1
1889,18462760000000,0.22,-0.1
1890,18464930000000,0.115,-0.1
1891,18464969000000,0.11,-0.1
1892,18465010000000,0.11,-0.1
1893,18465051000000,0.105,-0.1
1894,18465089000000,0.1,-0.1
1895,18465128000000,0.095,-0.1
1896,18465168000000,0.09,-0.1
1897,18465207000000,0.085,-0.1
1898,18465241000000,0.08,-0.1
1899,18465281000000,0.08,-0.1
1900,18467381000000,-0.0,-0.1
1901,18467417000000,-0.0,-0.1
1902,18467456000000,-0.0,-0.1
1903,18467494000000,-0.0,-0.1
1904,18467530000000,-0.0,-0.1
1905,18467570000000,0.005,-0.1
1906,18467614000000,0.01,-0.1
1907,18467656000000,0.01,-0.1
1908,18467696000000,0.01,-0.1
1909,18467736000000,0.01,-0.1
1910,18467777000000,0.01,-0.1
1911,18470480000000,0.035,-0.1
1912,18470524000000,0.035,-0.1
1913,18470560000000,0.04,-0.1
1914,18470602000000,0.04,-0.1
1915,18470638000000,0.04,-0.1
1916,18470678000000,0.04,-0.1
1917,18470712000000,0.04,-0.1
1918,18470750000000,0.04,-0.1
1919,18470790000000,0.04,-0.1
1920,18470827000000,0.04,-0.1
1921,18470866000000,0.045,-0.1
1922,18473029000000,0.05,-0.2
1923,18473070000000,0.05,-0.2
1924,18473110000000,0.05,-0.2
1925,18473152000000,0.05,-0.2
1926,18473193000000,0.05,-0.2
1927,18473239000000,0.05,-0.2
1928,18473278000000,0.05,-0.2
1929,18473318000000,0.05,-0.15
1930,18473358000000,0.05,-0.1
1931,18473401000000,0.05,-0.05
1932,18475498000000,0.22,0.0
1933,18475535000000,0.22,0.0
1934,18475579000000,0.22,0.0
1935,18475625000000,0.22,0.0
1936,18475662000000,0.22,0.0
1937,18475703000000,0.22,0.0
1938,18475745000000,0.22,0.0
1939,18475785000000,0.22,0.0
1940,18475831000000,0.22,0.0
1941,18475870000000,0.22,0.0
1942,18478040000000,0.22,0.0
1943,18478078000000,0.22,0.0
1944,18478120000000,0.22,0.0
1945,18478163000000,0.22,0.0
1946,18478203000000,0.22,0.0
1947,18478248000000,0.22,0.0
1948,18478284000000,0.22,0.0
1949,18478323000000,0.22,0.0
1950,18478366000000,0.22,0.0
1951,18478409000000,0.22,0.0
1952,18478451000000,0.22,0.0
1953,18480967000000,0.22,0.0
1954,18481007000000,0.22,-0.05
1955,18481052000000,0.22,-0.1
1956,18481094000000,0.22,-0.1
1957,18481136000000,0.22,-0.1
1958,18481174000000,0.22,-0.1
1959,18481209000000,0.22,-0.1
1960,18481250000000,0.22,-0.1
1961,18481298000000,0.22,-0.1
1962,18481342000000,0.22,-0.1
1963,18483623000000,0.22,0.0
1964,18483661000000,0.22,0.0
1965,18483704000000,0.22,0.0
1966,18483749000000,0.22,0.0
1967,18483790000000,0.22,0.0
1968,18483834000000,0.22,0.0
1969,18483880000000,0.22,0.0
1970,18483914000000,0.22,0.0
1971,18483962000000,0.22,-0.05
1972,18486139000000,0.09,-0.1
1973,18486173000000,0.09,-0.1
1974,18486210000000,0.085,-0.1
1975,18486245000000,0.08,-0.1
1976,18486288000000,0.075,-0.1
1977,18486330000000,0.075,-0.1
1978,18486373000000,0.07,-0.1
1979,18486417000000,0.065,-0.1
1980,18486452000000,0.06,-0.1
1981,18488905000000,0.01,-0.1
1982,18488944000000,0.01,-0.1
1983,18488998000000,0.01,-0.1
1984,18489043000000,0.01,-0.1
1985,18489079000000,0.01,-0.1
1986,18489119000000,0.01,-0.1
1987,18489153000000,0.01,-0.1
1988,18489190000000,0.01,-0.1
1989,18489241000000,0.01,-0.1
1990,18489288000000,0.01,-0.1
1991,18489337000000,0.01,-0.1
1992,18491592000000,0.01,-0.1
1993,18491637000000,0.01,-0.1
1994,18491675000000,0.01,-0.1
1995,18491722000000,0.01,-0.1
1996,18491768000000,0.01,-0.1
1997,18491806000000,0.01,-0.1
1998,18491859000000,0.01,-0.1
1999,18491900000000,0.01,-0.1
2000,18491940000000,0.01,-0.1
2001,18494013000000,0.03,-0.1
2002,18494052000000,0.03,-0.1
2003,18494097000000,0.03,-0.1
2004,18494135000000,0.03,-0.1
2005,18494174000000,0.03,-0.1
2006,18494214000000,0.03,-0.1
2007,18494255000000,0.03,-0.1
2008,18494300000000,0.03,-0.1
2009,18494342000000,0.03,-0.1
2010,18496458000000,0.04,-0.2
2011,18496498000000,0.04,-0.2
2012,18496532000000,0.04,-0.2
2013,18496570000000,0.04,-0.2
2014,18496613000000,0.04,-0.2
2015,18496655000000,0.04,-0.2
2016,18496725000000,0.04,-0.15
2017,18496762000000,0.04,-0.1
2018,18496797000000,0.04,-0.05
2019,18499455000000,0.22,0.0
2020,18499498000000,0.22,0.0
2021,18499539000000,0.22,0.0
2022,18499577000000,0.22,0.0
2023,18499612000000,0.22,0.0
2024,18499649000000,0.22,0.0
2025,18499690000000,0.22,0.0
2026,18499727000000,0.22,0.0
2027,18499763000000,0.22,0.0
2028,18501903000000,0.22,0.1
2029,18501945000000,0.22,0.1
2030,18501982000000,0.22,0.1
2031,18502022000000,0.22,0.1
2032,18502063000000,0.22,0.1
2033,18502104000000,0.22,0.1
2034,18502139000000,0.22,0.1
2035,18502181000000,0.22,0.1
2036,18504356000000,0.12,0.1
2037,18504394000000,0.115,0.1
2038,18504432000000,0.11,0.1
2039,18504474000000,0.105,0.1
2040,18504519000000,0.1,0.1
2041,18504554000000,0.095,0.1
2042,18504592000000,0.09,0.1
2043,18504668000000,0.085,0.1
2044,18506927000000,0.05,0.1
2045,18506972000000,0.05,0.1
2046,18507011000000,0.05,0.1
2047,18507069000000,0.05,0.1
2048,18507108000000,0.05,0.1
2049,18507151000000,0.05,0.1
2050,18507188000000,0.05,0.1
2051,18507238000000,0.05,0.1
2052,18507276000000,0.055,0.1
2053,18507328000000,0.06,0.1
2054,18509732000000,0.1,0.1
2055,18509777000000,0.1,0.1
2056,18509812000000,0.1,0.1
2057,18509858000000,0.1,0.1
2058,18509898000000,0.1,0.1
2059,18509945000000,0.1,0.1
2060,18509992000000,0.1,0.1
2061,18510031000000,0.1,0.1
2062,18510075000000,0.1,0.1
2063,18512144000000,0.09,0.1
2064,18512187000000,0.09,0.1
2065,18512230000000,0.09,0.1
2066,18512281000000,0.085,0.1
2067,18512323000000,0.08,0.1
2068,18512363000000,0.075,0.1
2069,18512403000000,0.07,0.1
2070,18512479000000,0.07,0.1
2071,18514587000000,0.07,0.0
2072,18514626000000,0.07,0.0
2073,18514665000000,0.07,0.0
2074,18514703000000,0.075,0.0
2075,18514786000000,0.08,0.0
2076,18514823000000,0.08,0.0
2077,18514859000000,0.08,0.0
2078,18514894000000,0.08,0.0
2079,18517245000000,0.22,0.0
2080,18517281000000,0.22,0.0
2081,18517326000000,0.22,0.0
2082,18517361000000,0.22,0.0
2083,18517438000000,0.22,0.0
2084,18517475000000,0.22,0.0
2085,18517511000000,0.22,0.0
2086,18517546000000,0.22,0.0
2087,18517621000000,0.22,0.0
2088,18517656000000,0.22,0.0
2089,18519938000000,0.22,0.0
2090,18519977000000,0.22,0.0
2091,18520011000000,0.22,0.0
2092,18520090000000,0.22,0.0
2093,18520128000000,0.22,0.0
2094,18520206000000,0.22,0.0
2095,18520242000000,0.22,0.0
2096,18522507000000,0.21,0.1
2097,18522549000000,0.21,0.1
2098,18522588000000,0.21,0.1
2099,18522672000000,0.21,0.1
2100,18522706000000,0.205,0.1
2101,18522740000000,0.185,0.1
2102,18522779000000,0.17,0.1
2103,18522852000000,0.155,0.1
2104,18525051000000,0.025,0.1
2105,18525094000000,0.02,0.1
2106,18525135000000,0.015,0.1
2107,18525176000000,0.01,0.1
2108,18525217000000,-0.0,0.1
2109,18525256000000,-0.005,0.1
2110,18525298000000,-0.01,0.1
2111,18528018000000,0.09,0.1
2112,18528059000000,0.095,0.1
2113,18528098000000,0.115,0.1
2114,18528177000000,0.135,0.1
2115,18528219000000,0.14,0.1
2116,18528299000000,0.15,0.1
2117,18528336000000,0.155,0.1
2118,18528373000000,0.16,0.1
2119,18528409000000,0.165,0.1
2120,18528482000000,0.17,0.1
2121,18531397000000,0.1,0.1
2122,18531432000000,0.1,0.1
2123,18531475000000,0.1,0.1
2124,18531550000000,0.1,0.1
2125,18531590000000,0.1,0.1
2126,18531665000000,0.1,0.1
2127,18531700000000,0.1,0.1
2128,18531741000000,0.1,0.1
2129,18533890000000,0.1,0.2
2130,18533939000000,0.1,0.2
2131,18533973000000,0.1,0.2
2132,18534060000000,0.1,0.2
2133,18534094000000,0.1,0.2
2134,18534181000000,0.1,0.2
2135,18534220000000,0.1,0.2
2136,18536613000000,0.1,0.0
2137,18536684000000,0.1,0.0
2138,18536723000000,0.1,0.0
2139,18536801000000,0.105,0.0
2140,18536837000000,0.11,0.0
2141,18536910000000,0.11,0.0
2142,18536945000000,0.11,0.0
2143,18537018000000,0.11,0.0
2144,18539348000000,0.18,0.0
2145,18539388000000,0.18,0.0
2146,18539427000000,0.18,0.0
2147,18539505000000,0.18,-0.05
2148,18539543000000,0.18,-0.1
2149,18539620000000,0.18,-0.1
2150,18539660000000,0.175,-0.1
2151,18541832000000,0.045,-0.1
2152,18541866000000,0.04,-0.1
2153,18541908000000,0.035,-0.1
2154,18541956000000,0.03,-0.1
2155,18542031000000,0.02,-0.1
2156,18542073000000,0.015,-0.1
2157,18542152000000,0.01,-0.1
2158,18544394000000,0.105,-0.1
2159,18544434000000,0.11,-0.1
2160,18544515000000,0.12,-0.1
2161,18544550000000,0.125,-0.1
2162,18544591000000,0.13,-0.1
2163,18544632000000,0.135,-0.1
2164,18544675000000,0.14,-0.1
2165,18547171000000,0.06,-0.1
2166,18547211000000,0.06,-0.1
